School_ID,Attendance_Boundaries,Student_Count_Total,Student_Count_Low_Income,Student_Count_Special_Ed,Student_Count_English_Learners,Student_Count_Black,Student_Count_Hispanic,Student_Count_White,Student_Count_Asian,Student_Count_Native_American,Student_Count_Other_Ethnicity,Student_Count_Asian_Pacific_Islander,Student_Count_Multi,Student_Count_Hawaiian_Pacific_Islander,Student_Count_Ethnicity_Not_Available,Culture_Climate_Rating,Dress_Code,College_Enrollment_Rate_School,Graduation_Rate_School,Creative_School_Certification,School_Survey_Involved_Families,School_Survey_Supportive_Environment,School_Survey_Ambitious_Instruction,School_Survey_Effective_Leaders,School_Survey_Collaborative_Teachers,School_Survey_Safety,School_Survey_School_Community,School_Survey_Parent_Teacher_Partnership,School_Survey_Quality_Of_Facilities,Student_Attendance_Year_1_Pct,Student_Attendance_Year_2_Pct,Student_Attendance_Avg,Teacher_Attendance_Year_1_Pct,Teacher_Attendance_Year_2_Pct,Teacher_Attendance_Avg ,Culture_Climate_Rating,Creative_School_Certification,School_Survey_Involved_Families,School_Survey_Supportive_Environment,School_Survey_Ambitious_Instruction,SAT_Grade_11_Score_School_Avg
400013,FALSE,329,308,87,119,7,313,4,3,0,0,0,2,0,0,WELL ORGANIZED,TRUE,59,69.8,STRONG,STRONG,STRONG,STRONG,NEUTRAL,STRONG,WEAK,STRONG,VERY STRONG,STRONG,90,89.3,89.65,,,,WELL ORGANIZED,STRONG,STRONG,STRONG,STRONG,874
400022,FALSE,612,279,40,4,197,240,115,9,2,0,0,8,2,39,MODERATELY ORGANIZED,FALSE,80.1,86.1,EXCELLING,NEUTRAL,STRONG,STRONG,WEAK,WEAK,WEAK,NOT ENOUGH DATA,NOT ENOUGH DATA,NOT ENOUGH DATA,98.9,96,97.45,,,,MODERATELY ORGANIZED,EXCELLING,NEUTRAL,STRONG,STRONG,984
400032,FALSE,238,216,61,1,237,0,0,0,0,0,0,1,0,0,ORGANIZED,TRUE,65.3,79.6,DEVELOPING,NEUTRAL,NEUTRAL,STRONG,NEUTRAL,NEUTRAL,WEAK,NOT ENOUGH DATA,NOT ENOUGH DATA,NOT ENOUGH DATA,88.7,89,88.85,,,,ORGANIZED,DEVELOPING,NEUTRAL,NEUTRAL,STRONG,830
400034,FALSE,893,709,214,158,50,511,165,148,4,0,0,12,2,1,WELL ORGANIZED,TRUE,81.5,92.1,STRONG,VERY STRONG,VERY STRONG,VERY STRONG,VERY STRONG,VERY STRONG,NEUTRAL,NOT ENOUGH DATA,NOT ENOUGH DATA,NOT ENOUGH DATA,93.4,94,93.7,,,,WELL ORGANIZED,STRONG,VERY STRONG,VERY STRONG,VERY STRONG,966
400051,FALSE,683,572,104,103,82,575,13,7,4,0,0,2,0,0,WELL ORGANIZED,TRUE,86.5,91.4,STRONG,STRONG,VERY STRONG,VERY STRONG,STRONG,STRONG,WEAK,NOT ENOUGH DATA,NOT ENOUGH DATA,NOT ENOUGH DATA,94.2,94.1,94.15,,,,WELL ORGANIZED,STRONG,STRONG,VERY STRONG,VERY STRONG,1052
400053,FALSE,634,579,110,87,106,496,17,2,1,0,0,5,0,7,ORGANIZED,TRUE,91,85.2,EMERGING,NEUTRAL,STRONG,VERY STRONG,NEUTRAL,NEUTRAL,WEAK,NOT ENOUGH DATA,NOT ENOUGH DATA,NOT ENOUGH DATA,93.1,93.2,93.15,,,,ORGANIZED,EMERGING,NEUTRAL,STRONG,VERY STRONG,1035
400054,FALSE,967,916,107,145,36,918,8,1,3,0,0,1,0,0,WELL ORGANIZED,TRUE,86.8,89.1,INCOMPLETE DATA,VERY STRONG,STRONG,VERY STRONG,STRONG,VERY STRONG,WEAK,NOT ENOUGH DATA,NOT ENOUGH DATA,NOT ENOUGH DATA,94.7,94.5,94.6,,,,WELL ORGANIZED,INCOMPLETE DATA,VERY STRONG,STRONG,VERY STRONG,1078
400055,FALSE,618,514,102,76,137,456,15,1,1,0,0,3,0,5,WELL ORGANIZED,TRUE,80.6,90.3,EXCELLING,STRONG,STRONG,VERY STRONG,STRONG,STRONG,NEUTRAL,NOT ENOUGH DATA,NOT ENOUGH DATA,NOT ENOUGH DATA,93.2,93,93.1,,,,WELL ORGANIZED,EXCELLING,STRONG,STRONG,VERY STRONG,1025
400056,FALSE,399,362,103,16,325,65,3,0,2,0,0,3,0,1,WELL ORGANIZED,TRUE,74.6,78.8,INCOMPLETE DATA,STRONG,STRONG,VERY STRONG,STRONG,STRONG,VERY WEAK,NOT ENOUGH DATA,NOT ENOUGH DATA,NOT ENOUGH DATA,88.6,88.3,88.45,,,,WELL ORGANIZED,INCOMPLETE DATA,STRONG,STRONG,VERY STRONG,951
400057,FALSE,945,804,139,98,275,618,13,33,2,0,0,3,1,0,WELL ORGANIZED,TRUE,91.9,91.1,DEVELOPING,STRONG,STRONG,VERY STRONG,STRONG,STRONG,WEAK,NOT ENOUGH DATA,NOT ENOUGH DATA,NOT ENOUGH DATA,94.2,92.7,93.45,,,,WELL ORGANIZED,DEVELOPING,STRONG,STRONG,VERY STRONG,1056
400058,FALSE,315,266,58,0,307,4,1,0,0,0,0,0,0,3,WELL ORGANIZED,TRUE,60.8,72,EXCELLING,NEUTRAL,NEUTRAL,VERY STRONG,STRONG,VERY STRONG,VERY WEAK,VERY STRONG,STRONG,WEAK,93.2,95.9,94.55,,,,WELL ORGANIZED,EXCELLING,NEUTRAL,NEUTRAL,VERY STRONG,856
400059,FALSE,400,383,68,0,388,4,0,0,0,0,0,2,0,6,WELL ORGANIZED,TRUE,64.2,72.9,EXCELLING,STRONG,NEUTRAL,STRONG,NEUTRAL,STRONG,VERY WEAK,STRONG,WEAK,STRONG,90.1,92,91.05,,,,WELL ORGANIZED,EXCELLING,STRONG,NEUTRAL,STRONG,861
400062,FALSE,311,281,66,0,306,1,1,0,1,0,0,2,0,0,ORGANIZED,TRUE,53.4,77.6,INCOMPLETE DATA,NEUTRAL,NEUTRAL,STRONG,NEUTRAL,NEUTRAL,VERY WEAK,NOT ENOUGH DATA,NOT ENOUGH DATA,NOT ENOUGH DATA,91.4,90.9,91.15,,,,ORGANIZED,INCOMPLETE DATA,NEUTRAL,NEUTRAL,STRONG,858
400085,FALSE,612,561,108,180,11,591,8,1,1,0,0,0,0,0,PARTIALLY ORGANIZED,TRUE,64.2,87.3,DEVELOPING,NEUTRAL,NEUTRAL,NEUTRAL,WEAK,NEUTRAL,WEAK,NOT ENOUGH DATA,NOT ENOUGH DATA,NOT ENOUGH DATA,94.7,93.3,94,,,,PARTIALLY ORGANIZED,DEVELOPING,NEUTRAL,NEUTRAL,NEUTRAL,939
400086,FALSE,227,187,61,0,227,0,0,0,0,0,0,0,0,0,PARTIALLY ORGANIZED,TRUE,70.8,81.4,INCOMPLETE DATA,NEUTRAL,NOT ENOUGH DATA,NOT ENOUGH DATA,NEUTRAL,WEAK,NOT ENOUGH DATA,NOT ENOUGH DATA,NOT ENOUGH DATA,NOT ENOUGH DATA,91.4,90.2,90.8,,,,PARTIALLY ORGANIZED,INCOMPLETE DATA,NEUTRAL,NOT ENOUGH DATA,NOT ENOUGH DATA,876
400091,FALSE,310,283,75,6,246,58,4,0,0,0,0,2,0,0,WELL ORGANIZED,TRUE,63.3,88.9,DEVELOPING,STRONG,STRONG,STRONG,STRONG,STRONG,WEAK,NOT ENOUGH DATA,NOT ENOUGH DATA,NOT ENOUGH DATA,87.5,90.3,88.9,,,,WELL ORGANIZED,DEVELOPING,STRONG,STRONG,STRONG,848
400094,FALSE,516,488,108,71,319,173,4,0,0,0,0,7,0,13,WELL ORGANIZED,TRUE,78.3,76.6,EMERGING,STRONG,STRONG,VERY STRONG,NEUTRAL,NEUTRAL,WEAK,NOT ENOUGH DATA,NOT ENOUGH DATA,NOT ENOUGH DATA,90.3,92.6,91.45,,,,WELL ORGANIZED,EMERGING,STRONG,STRONG,VERY STRONG,918
400097,FALSE,1135,1000,188,128,364,749,4,6,3,0,0,3,1,5,WELL ORGANIZED,TRUE,89.8,87.3,EXCELLING,NEUTRAL,STRONG,VERY STRONG,NEUTRAL,STRONG,WEAK,NOT ENOUGH DATA,NOT ENOUGH DATA,NOT ENOUGH DATA,93.4,93.4,93.4,,,,WELL ORGANIZED,EXCELLING,NEUTRAL,STRONG,VERY STRONG,1033
400098,FALSE,960,804,120,68,271,644,3,34,2,0,0,5,0,1,WELL ORGANIZED,TRUE,90,93.9,STRONG,VERY STRONG,STRONG,VERY STRONG,NEUTRAL,STRONG,WEAK,NOT ENOUGH DATA,NOT ENOUGH DATA,NOT ENOUGH DATA,95.5,95,95.25,,,,WELL ORGANIZED,STRONG,VERY STRONG,STRONG,VERY STRONG,1060
400104,FALSE,623,608,123,193,11,607,1,0,3,0,0,0,0,1,PARTIALLY ORGANIZED,TRUE,48.7,86.2,INCOMPLETE DATA,NEUTRAL,NEUTRAL,STRONG,WEAK,WEAK,WEAK,NEUTRAL,WEAK,NEUTRAL,89.6,87.8,88.7,,,,PARTIALLY ORGANIZED,INCOMPLETE DATA,NEUTRAL,NEUTRAL,STRONG,856
400105,FALSE,289,242,81,0,284,1,1,1,1,0,0,1,0,0,NOT YET ORGANIZED,TRUE,75,72.8,EMERGING,WEAK,NEUTRAL,NEUTRAL,WEAK,WEAK,WEAK,NEUTRAL,NEUTRAL,WEAK,91.9,91.7,91.8,,,,NOT YET ORGANIZED,EMERGING,WEAK,NEUTRAL,NEUTRAL,848
400106,FALSE,607,571,142,3,581,22,1,0,2,0,0,1,0,0,WELL ORGANIZED,TRUE,75.7,72,DEVELOPING,VERY STRONG,STRONG,VERY STRONG,STRONG,STRONG,WEAK,NOT ENOUGH DATA,NOT ENOUGH DATA,NOT ENOUGH DATA,87.5,86.2,86.85,,,,WELL ORGANIZED,DEVELOPING,VERY STRONG,STRONG,VERY STRONG,901
400113,FALSE,148,120,36,1,134,10,2,1,0,0,0,1,0,0,WELL ORGANIZED,TRUE,62.5,80.6,EMERGING,STRONG,STRONG,VERY STRONG,NEUTRAL,VERY STRONG,NEUTRAL,VERY STRONG,VERY STRONG,STRONG,81.9,84.8,83.35,,,,WELL ORGANIZED,EMERGING,STRONG,STRONG,VERY STRONG,854
400117,FALSE,490,419,100,7,483,4,1,0,0,0,0,0,0,2,WELL ORGANIZED,TRUE,80.3,86.9,INCOMPLETE DATA,STRONG,NEUTRAL,VERY STRONG,NEUTRAL,STRONG,VERY WEAK,NOT ENOUGH DATA,NOT ENOUGH DATA,NOT ENOUGH DATA,90.1,91,90.55,,,,WELL ORGANIZED,INCOMPLETE DATA,STRONG,NEUTRAL,VERY STRONG,939
400118,FALSE,286,262,92,1,272,12,1,0,0,0,0,1,0,0,PARTIALLY ORGANIZED,TRUE,80.6,67.2,EXCELLING,NEUTRAL,NEUTRAL,STRONG,WEAK,WEAK,WEAK,NOT ENOUGH DATA,NOT ENOUGH DATA,NOT ENOUGH DATA,88.5,86.4,87.45,,,,PARTIALLY ORGANIZED,EXCELLING,NEUTRAL,NEUTRAL,STRONG,916
400119,FALSE,279,263,59,0,277,1,0,0,1,0,0,0,0,0,WELL ORGANIZED,TRUE,48.9,71.8,EMERGING,NEUTRAL,NEUTRAL,STRONG,STRONG,STRONG,WEAK,NOT ENOUGH DATA,NOT ENOUGH DATA,NOT ENOUGH DATA,88.9,86.3,87.6,,,,WELL ORGANIZED,EMERGING,NEUTRAL,NEUTRAL,STRONG,873
400123,FALSE,106,98,19,0,101,3,0,0,1,0,0,0,0,1,ORGANIZED,TRUE,11.5,,EMERGING,NOT ENOUGH DATA,STRONG,STRONG,NOT ENOUGH DATA,NOT ENOUGH DATA,WEAK,NOT ENOUGH DATA,NOT ENOUGH DATA,NOT ENOUGH DATA,55.1,59.9,57.5,,,,ORGANIZED,EMERGING,NOT ENOUGH DATA,STRONG,STRONG,748
400124,FALSE,126,122,35,0,125,1,0,0,0,0,0,0,0,0,PARTIALLY ORGANIZED,FALSE,15.8,,EMERGING,NOT ENOUGH DATA,NEUTRAL,NEUTRAL,VERY WEAK,VERY WEAK,WEAK,NOT ENOUGH DATA,NOT ENOUGH DATA,NOT ENOUGH DATA,61.9,59.6,60.75,,,,PARTIALLY ORGANIZED,EMERGING,NOT ENOUGH DATA,NEUTRAL,NEUTRAL,734
400125,FALSE,162,151,26,28,8,149,0,1,1,0,0,0,0,3,ORGANIZED,TRUE,20.8,,STRONG,NOT ENOUGH DATA,STRONG,STRONG,NOT ENOUGH DATA,NOT ENOUGH DATA,WEAK,NOT ENOUGH DATA,NOT ENOUGH DATA,NOT ENOUGH DATA,59.4,55.6,57.5,,,,ORGANIZED,STRONG,NOT ENOUGH DATA,STRONG,STRONG,804
400126,FALSE,99,98,24,16,30,66,1,1,0,0,0,0,1,0,ORGANIZED,FALSE,21.1,,INCOMPLETE DATA,WEAK,NEUTRAL,NEUTRAL,STRONG,VERY STRONG,WEAK,NOT ENOUGH DATA,NOT ENOUGH DATA,NOT ENOUGH DATA,62.3,60,61.15,,,,ORGANIZED,INCOMPLETE DATA,WEAK,NEUTRAL,NEUTRAL,785
400127,FALSE,74,69,16,1,70,4,0,0,0,0,0,0,0,0,ORGANIZED,FALSE,7.8,,EMERGING,NOT ENOUGH DATA,STRONG,VERY STRONG,NOT ENOUGH DATA,NOT ENOUGH DATA,WEAK,NOT ENOUGH DATA,NOT ENOUGH DATA,NOT ENOUGH DATA,70.4,69.4,69.9,,,,ORGANIZED,EMERGING,NOT ENOUGH DATA,STRONG,VERY STRONG,755
400128,FALSE,96,94,24,0,92,2,0,0,0,0,0,1,1,0,ORGANIZED,FALSE,13.7,,EMERGING,NOT ENOUGH DATA,NEUTRAL,STRONG,NOT ENOUGH DATA,NOT ENOUGH DATA,WEAK,NOT ENOUGH DATA,NOT ENOUGH DATA,NOT ENOUGH DATA,59.4,53.7,56.55,,,,ORGANIZED,EMERGING,NOT ENOUGH DATA,NEUTRAL,STRONG,765
400129,FALSE,129,125,33,0,124,2,0,0,0,0,0,2,0,1,NOT ENOUGH DATA,TRUE,14.9,,INCOMPLETE DATA,NOT ENOUGH DATA,NOT ENOUGH DATA,NOT ENOUGH DATA,NOT ENOUGH DATA,NOT ENOUGH DATA,NOT ENOUGH DATA,NOT ENOUGH DATA,NOT ENOUGH DATA,NOT ENOUGH DATA,49.6,58.9,54.25,,,,NOT ENOUGH DATA,INCOMPLETE DATA,NOT ENOUGH DATA,NOT ENOUGH DATA,NOT ENOUGH DATA,753
400130,FALSE,95,93,30,0,93,0,0,0,1,0,0,1,0,0,NOT ENOUGH DATA,TRUE,22.4,,EXCELLING,NOT ENOUGH DATA,NOT ENOUGH DATA,NOT ENOUGH DATA,NOT ENOUGH DATA,NOT ENOUGH DATA,NOT ENOUGH DATA,NOT ENOUGH DATA,NOT ENOUGH DATA,NOT ENOUGH DATA,60.9,62.5,61.7,,,,NOT ENOUGH DATA,EXCELLING,NOT ENOUGH DATA,NOT ENOUGH DATA,NOT ENOUGH DATA,774
400131,FALSE,171,159,62,18,36,130,3,0,1,0,0,0,1,0,PARTIALLY ORGANIZED,TRUE,30.2,,INCOMPLETE DATA,WEAK,NEUTRAL,STRONG,WEAK,WEAK,WEAK,NOT ENOUGH DATA,NOT ENOUGH DATA,NOT ENOUGH DATA,69.2,67.4,68.3,,,,PARTIALLY ORGANIZED,INCOMPLETE DATA,WEAK,NEUTRAL,STRONG,793
400133,FALSE,319,311,68,1,295,17,5,1,0,0,0,1,0,0,PARTIALLY ORGANIZED,TRUE,18.7,,EMERGING,VERY WEAK,NEUTRAL,NEUTRAL,NEUTRAL,NEUTRAL,NEUTRAL,NOT ENOUGH DATA,NOT ENOUGH DATA,NOT ENOUGH DATA,47.3,48.8,48.05,,,,PARTIALLY ORGANIZED,EMERGING,VERY WEAK,NEUTRAL,NEUTRAL,801
400134,FALSE,124,119,25,9,23,94,7,0,0,0,0,0,0,0,WELL ORGANIZED,TRUE,24.8,,INCOMPLETE DATA,VERY STRONG,VERY STRONG,VERY STRONG,VERY STRONG,VERY STRONG,STRONG,VERY STRONG,VERY STRONG,STRONG,83,84,83.5,,,,WELL ORGANIZED,INCOMPLETE DATA,VERY STRONG,VERY STRONG,VERY STRONG,833
400135,FALSE,101,99,20,25,5,96,0,0,0,0,0,0,0,0,ORGANIZED,TRUE,9.9,,EXCELLING,NOT ENOUGH DATA,NOT ENOUGH DATA,NOT ENOUGH DATA,STRONG,NEUTRAL,NOT ENOUGH DATA,NOT ENOUGH DATA,NOT ENOUGH DATA,NOT ENOUGH DATA,58.5,63,60.75,,,,ORGANIZED,EXCELLING,NOT ENOUGH DATA,NOT ENOUGH DATA,NOT ENOUGH DATA,832
400136,FALSE,101,93,21,6,80,16,0,0,1,0,0,1,0,3,ORGANIZED,TRUE,16,,EMERGING,NOT ENOUGH DATA,NEUTRAL,STRONG,NEUTRAL,NEUTRAL,WEAK,NOT ENOUGH DATA,NOT ENOUGH DATA,NOT ENOUGH DATA,69.3,71.3,70.3,,,,ORGANIZED,EMERGING,NOT ENOUGH DATA,NEUTRAL,STRONG,773
400137,FALSE,128,84,29,0,126,0,0,0,0,0,0,2,0,0,ORGANIZED,FALSE,68.8,48.4,EMERGING,NOT ENOUGH DATA,STRONG,VERY STRONG,NOT ENOUGH DATA,NOT ENOUGH DATA,WEAK,STRONG,NEUTRAL,NEUTRAL,76.4,80.3,78.35,,,,ORGANIZED,EMERGING,NOT ENOUGH DATA,STRONG,VERY STRONG,833
400139,FALSE,296,284,45,3,266,27,0,0,2,0,0,1,0,0,WELL ORGANIZED,FALSE,7.8,,STRONG,NEUTRAL,STRONG,VERY STRONG,STRONG,NEUTRAL,WEAK,NOT ENOUGH DATA,NOT ENOUGH DATA,NOT ENOUGH DATA,74,83.8,78.9,,,,WELL ORGANIZED,STRONG,NEUTRAL,STRONG,VERY STRONG,759
400141,FALSE,161,121,20,49,59,63,17,17,2,0,0,3,0,0,ORGANIZED,FALSE,47.9,,STRONG,WEAK,STRONG,STRONG,NEUTRAL,NEUTRAL,WEAK,NOT ENOUGH DATA,NOT ENOUGH DATA,NOT ENOUGH DATA,71.1,71.9,71.5,,,,ORGANIZED,STRONG,WEAK,STRONG,STRONG,883
400142,FALSE,0,0,0,0,0,0,0,0,0,0,0,0,0,0,NOT ENOUGH DATA,FALSE,,,INCOMPLETE DATA,NOT ENOUGH DATA,NOT ENOUGH DATA,NOT ENOUGH DATA,NOT ENOUGH DATA,NOT ENOUGH DATA,NOT ENOUGH DATA,NOT ENOUGH DATA,NOT ENOUGH DATA,NOT ENOUGH DATA,,,0,,,,NOT ENOUGH DATA,INCOMPLETE DATA,NOT ENOUGH DATA,NOT ENOUGH DATA,NOT ENOUGH DATA,
400143,FALSE,117,109,24,8,71,40,0,0,2,0,0,0,0,4,PARTIALLY ORGANIZED,TRUE,18,,EMERGING,WEAK,NOT ENOUGH DATA,NOT ENOUGH DATA,NEUTRAL,NEUTRAL,NOT ENOUGH DATA,NOT ENOUGH DATA,NOT ENOUGH DATA,NOT ENOUGH DATA,65.2,59.8,62.5,,,,PARTIALLY ORGANIZED,EMERGING,WEAK,NOT ENOUGH DATA,NOT ENOUGH DATA,796
400144,FALSE,139,128,27,4,90,46,3,0,0,0,0,0,0,0,ORGANIZED,TRUE,16.9,,INCOMPLETE DATA,NOT ENOUGH DATA,STRONG,STRONG,NOT ENOUGH DATA,NOT ENOUGH DATA,WEAK,NOT ENOUGH DATA,NOT ENOUGH DATA,NOT ENOUGH DATA,65.9,68.1,67,,,,ORGANIZED,INCOMPLETE DATA,NOT ENOUGH DATA,STRONG,STRONG,811
400145,FALSE,110,107,29,0,103,4,3,0,0,0,0,0,0,0,PARTIALLY ORGANIZED,TRUE,16.8,,EMERGING,NOT ENOUGH DATA,WEAK,WEAK,NEUTRAL,NEUTRAL,WEAK,NOT ENOUGH DATA,NOT ENOUGH DATA,NOT ENOUGH DATA,59.9,61.7,60.8,,,,PARTIALLY ORGANIZED,EMERGING,NOT ENOUGH DATA,WEAK,WEAK,799
400147,FALSE,183,173,36,0,181,0,0,0,0,0,0,0,0,2,ORGANIZED,TRUE,31.3,28.9,EXCELLING,NEUTRAL,STRONG,VERY STRONG,WEAK,STRONG,NEUTRAL,NOT ENOUGH DATA,NOT ENOUGH DATA,NOT ENOUGH DATA,74.8,82.9,78.85,,,,ORGANIZED,EXCELLING,NEUTRAL,STRONG,VERY STRONG,816
400149,FALSE,515,475,87,171,9,505,1,0,0,0,0,0,0,0,ORGANIZED,TRUE,72.3,71.4,DEVELOPING,NEUTRAL,STRONG,STRONG,WEAK,NEUTRAL,WEAK,NOT ENOUGH DATA,NOT ENOUGH DATA,NOT ENOUGH DATA,89.9,87.3,88.6,,,,ORGANIZED,DEVELOPING,NEUTRAL,STRONG,STRONG,898
400150,FALSE,125,116,26,0,120,1,0,0,0,0,0,0,0,4,ORGANIZED,TRUE,23.1,,INCOMPLETE DATA,NEUTRAL,STRONG,STRONG,NEUTRAL,WEAK,WEAK,NOT ENOUGH DATA,NOT ENOUGH DATA,NOT ENOUGH DATA,59.7,69.3,64.5,,,,ORGANIZED,INCOMPLETE DATA,NEUTRAL,STRONG,STRONG,772
400156,FALSE,622,564,129,13,580,35,1,0,0,0,0,3,1,2,ORGANIZED,TRUE,85.6,78.8,DEVELOPING,NEUTRAL,STRONG,VERY STRONG,NEUTRAL,WEAK,WEAK,NOT ENOUGH DATA,NOT ENOUGH DATA,NOT ENOUGH DATA,93.1,93.6,93.35,,,,ORGANIZED,DEVELOPING,NEUTRAL,STRONG,VERY STRONG,934
400157,FALSE,200,185,43,29,155,38,4,0,1,0,0,1,1,0,WELL ORGANIZED,TRUE,83.6,81.1,EMERGING,STRONG,STRONG,VERY STRONG,STRONG,STRONG,WEAK,NOT ENOUGH DATA,NOT ENOUGH DATA,NOT ENOUGH DATA,88.8,90.2,89.5,,,,WELL ORGANIZED,EMERGING,STRONG,STRONG,VERY STRONG,963
400164,FALSE,98,96,19,29,0,98,0,0,0,0,0,0,0,0,ORGANIZED,FALSE,31.3,,INCOMPLETE DATA,NOT ENOUGH DATA,STRONG,NEUTRAL,NOT ENOUGH DATA,NOT ENOUGH DATA,WEAK,NOT ENOUGH DATA,NOT ENOUGH DATA,NOT ENOUGH DATA,62.5,69.1,65.8,,,,ORGANIZED,INCOMPLETE DATA,NOT ENOUGH DATA,STRONG,NEUTRAL,833
400169,FALSE,1004,906,180,148,115,870,12,0,2,0,0,3,0,2,WELL ORGANIZED,TRUE,79.9,85.1,STRONG,STRONG,STRONG,STRONG,NEUTRAL,NEUTRAL,NEUTRAL,NOT ENOUGH DATA,NOT ENOUGH DATA,NOT ENOUGH DATA,92.5,93.5,93,,,,WELL ORGANIZED,STRONG,STRONG,STRONG,STRONG,1052
400170,FALSE,478,401,73,55,196,245,6,24,2,0,0,3,0,2,WELL ORGANIZED,TRUE,91.5,81.1,STRONG,STRONG,STRONG,VERY STRONG,NEUTRAL,STRONG,WEAK,NOT ENOUGH DATA,NOT ENOUGH DATA,NOT ENOUGH DATA,93.7,92.4,93.05,,,,WELL ORGANIZED,STRONG,STRONG,STRONG,VERY STRONG,1066
400172,FALSE,627,504,136,197,19,582,14,2,1,0,0,5,0,4,NOT YET ORGANIZED,TRUE,,,STRONG,WEAK,NEUTRAL,NEUTRAL,VERY WEAK,WEAK,WEAK,NEUTRAL,NEUTRAL,STRONG,90.8,88.8,89.8,,,,NOT YET ORGANIZED,STRONG,WEAK,NEUTRAL,NEUTRAL,851
400173,FALSE,408,341,42,67,12,378,14,3,1,0,0,0,0,0,PARTIALLY ORGANIZED,FALSE,19.4,11.3,EMERGING,WEAK,STRONG,NEUTRAL,WEAK,NEUTRAL,NEUTRAL,NOT ENOUGH DATA,NOT ENOUGH DATA,NOT ENOUGH DATA,43.4,68.5,55.95,,,,PARTIALLY ORGANIZED,EMERGING,WEAK,STRONG,NEUTRAL,830
400175,FALSE,204,182,19,4,148,46,2,0,1,0,0,1,0,6,NOT ENOUGH DATA,TRUE,11.4,30.8,EMERGING,NOT ENOUGH DATA,NOT ENOUGH DATA,NOT ENOUGH DATA,NOT ENOUGH DATA,NOT ENOUGH DATA,NOT ENOUGH DATA,NOT ENOUGH DATA,NOT ENOUGH DATA,NOT ENOUGH DATA,65.5,73,69.25,,,,NOT ENOUGH DATA,EMERGING,NOT ENOUGH DATA,NOT ENOUGH DATA,NOT ENOUGH DATA,731
400179,FALSE,1013,929,177,239,10,976,10,15,1,0,0,0,1,0,WELL ORGANIZED,TRUE,,,INCOMPLETE DATA,VERY STRONG,VERY STRONG,VERY STRONG,STRONG,STRONG,NEUTRAL,NOT ENOUGH DATA,NOT ENOUGH DATA,NOT ENOUGH DATA,91.7,94.9,93.3,,,,WELL ORGANIZED,INCOMPLETE DATA,VERY STRONG,VERY STRONG,VERY STRONG,
609674,TRUE,765,729,213,18,739,19,2,1,1,0,0,3,0,0,WELL ORGANIZED,TRUE,38.1,72.3,EMERGING,STRONG,NEUTRAL,VERY STRONG,NEUTRAL,STRONG,WEAK,NOT ENOUGH DATA,NOT ENOUGH DATA,NOT ENOUGH DATA,83.7,90.4,87.05,94.2,92.8,93.5,WELL ORGANIZED,EMERGING,STRONG,NEUTRAL,VERY STRONG,827
609676,FALSE,348,346,84,7,330,14,2,0,0,0,0,1,1,0,WELL ORGANIZED,FALSE,57.6,67,EMERGING,VERY STRONG,NEUTRAL,VERY STRONG,STRONG,VERY STRONG,WEAK,NOT ENOUGH DATA,NOT ENOUGH DATA,NOT ENOUGH DATA,84.2,85.1,84.65,94.4,94.5,94.45,WELL ORGANIZED,EMERGING,VERY STRONG,NEUTRAL,VERY STRONG,790
609678,FALSE,1958,686,100,21,227,550,725,275,2,0,2,71,16,90,WELL ORGANIZED,FALSE,86.4,96.3,EXCELLING,VERY STRONG,VERY STRONG,VERY STRONG,NEUTRAL,NEUTRAL,NEUTRAL,NOT ENOUGH DATA,NOT ENOUGH DATA,NOT ENOUGH DATA,92.3,93,92.65,95.3,95.5,95.4,WELL ORGANIZED,EXCELLING,VERY STRONG,VERY STRONG,VERY STRONG,1278
609679,FALSE,1223,1127,137,79,240,947,22,5,7,0,0,0,1,1,ORGANIZED,FALSE,76.5,90.6,STRONG,NEUTRAL,STRONG,VERY STRONG,WEAK,NEUTRAL,WEAK,NOT ENOUGH DATA,NOT ENOUGH DATA,NOT ENOUGH DATA,88.6,89.2,88.9,94,94,94,ORGANIZED,STRONG,NEUTRAL,STRONG,VERY STRONG,956
609680,FALSE,1218,354,54,9,127,265,535,227,2,0,0,51,11,0,WELL ORGANIZED,FALSE,92.2,96.4,EXCELLING,VERY STRONG,VERY STRONG,VERY STRONG,NEUTRAL,NEUTRAL,STRONG,NOT ENOUGH DATA,NOT ENOUGH DATA,NOT ENOUGH DATA,92.7,93.1,92.9,95.1,95.1,95.1,WELL ORGANIZED,EXCELLING,VERY STRONG,VERY STRONG,VERY STRONG,1388
609682,TRUE,222,213,48,67,106,113,1,0,0,0,0,0,0,2,PARTIALLY ORGANIZED,TRUE,37.8,64.3,DEVELOPING,WEAK,NEUTRAL,NEUTRAL,NEUTRAL,NEUTRAL,VERY WEAK,NOT ENOUGH DATA,NOT ENOUGH DATA,NOT ENOUGH DATA,76.9,77.6,77.25,93.8,93.8,93.8,PARTIALLY ORGANIZED,DEVELOPING,WEAK,NEUTRAL,NEUTRAL,803
609691,TRUE,1010,944,195,269,173,821,5,3,5,0,0,3,0,0,WELL ORGANIZED,FALSE,67.9,80.4,STRONG,VERY STRONG,STRONG,STRONG,VERY STRONG,VERY STRONG,WEAK,NOT ENOUGH DATA,NOT ENOUGH DATA,NOT ENOUGH DATA,88.5,88.2,88.35,94.8,94.6,94.7,WELL ORGANIZED,STRONG,VERY STRONG,STRONG,STRONG,903
609692,FALSE,1313,1193,163,5,1293,13,0,0,0,0,0,7,0,0,WELL ORGANIZED,FALSE,61.8,90.2,STRONG,STRONG,STRONG,VERY STRONG,STRONG,NEUTRAL,NEUTRAL,NOT ENOUGH DATA,NOT ENOUGH DATA,NOT ENOUGH DATA,89.4,89.1,89.25,93.9,94.1,94,WELL ORGANIZED,STRONG,STRONG,STRONG,VERY STRONG,873
609693,FALSE,1237,977,87,36,601,527,19,68,1,0,0,8,2,11,WELL ORGANIZED,FALSE,87.8,95.1,EXCELLING,VERY STRONG,STRONG,VERY STRONG,STRONG,VERY STRONG,WEAK,NOT ENOUGH DATA,NOT ENOUGH DATA,NOT ENOUGH DATA,91.9,92,91.95,94.6,94,94.3,WELL ORGANIZED,EXCELLING,VERY STRONG,STRONG,VERY STRONG,1056
609694,TRUE,1008,803,25,9,18,940,34,9,5,0,0,1,1,0,WELL ORGANIZED,FALSE,77.2,87.2,EXCELLING,STRONG,STRONG,VERY STRONG,STRONG,STRONG,WEAK,NEUTRAL,NEUTRAL,NEUTRAL,92.4,92.1,92.25,95.2,95.6,95.4,WELL ORGANIZED,EXCELLING,STRONG,STRONG,VERY STRONG,1076
609695,TRUE,1370,946,213,122,139,758,294,131,7,0,0,36,5,0,WELL ORGANIZED,TRUE,76.6,83.1,STRONG,STRONG,STRONG,STRONG,NEUTRAL,STRONG,NEUTRAL,NEUTRAL,NEUTRAL,STRONG,91.3,91.4,91.35,95.6,95.8,95.7,WELL ORGANIZED,STRONG,STRONG,STRONG,STRONG,1012
609698,TRUE,753,660,156,83,474,266,5,0,1,0,0,2,1,4,WELL ORGANIZED,FALSE,53.5,78.2,STRONG,STRONG,NEUTRAL,STRONG,NEUTRAL,STRONG,WEAK,NOT ENOUGH DATA,NOT ENOUGH DATA,NOT ENOUGH DATA,87.5,87.7,87.6,94.6,94,94.3,WELL ORGANIZED,STRONG,STRONG,NEUTRAL,STRONG,832
609704,TRUE,559,555,145,159,66,484,9,0,0,0,0,0,0,0,ORGANIZED,TRUE,54.5,68.9,EXCELLING,NEUTRAL,NEUTRAL,STRONG,NEUTRAL,NEUTRAL,WEAK,NOT ENOUGH DATA,NOT ENOUGH DATA,NOT ENOUGH DATA,85.8,86.5,86.15,93.8,94.2,94,ORGANIZED,EXCELLING,NEUTRAL,NEUTRAL,STRONG,880
609705,FALSE,262,248,51,0,254,4,0,0,0,0,0,2,1,1,WELL ORGANIZED,TRUE,44.4,70.6,STRONG,NEUTRAL,STRONG,VERY STRONG,STRONG,STRONG,NEUTRAL,VERY STRONG,VERY STRONG,VERY STRONG,86.3,87,86.65,93.9,94.3,94.1,WELL ORGANIZED,STRONG,NEUTRAL,STRONG,VERY STRONG,834
609708,TRUE,705,658,162,248,128,539,29,3,4,0,0,2,0,0,PARTIALLY ORGANIZED,FALSE,58.1,66.2,STRONG,WEAK,NEUTRAL,STRONG,WEAK,WEAK,WEAK,NOT ENOUGH DATA,NOT ENOUGH DATA,NOT ENOUGH DATA,85,86.5,85.75,92.6,92.8,92.7,PARTIALLY ORGANIZED,STRONG,WEAK,NEUTRAL,STRONG,867
609709,FALSE,327,321,68,95,105,219,1,0,0,0,0,1,1,0,ORGANIZED,TRUE,42.9,72.2,DEVELOPING,STRONG,NEUTRAL,NEUTRAL,NEUTRAL,STRONG,VERY WEAK,NOT ENOUGH DATA,NOT ENOUGH DATA,NOT ENOUGH DATA,91.5,90.6,91.05,95.9,95.5,95.7,ORGANIZED,DEVELOPING,STRONG,NEUTRAL,NEUTRAL,811
609710,TRUE,295,284,77,1,288,5,0,0,0,0,0,1,0,1,PARTIALLY ORGANIZED,FALSE,48.4,62.3,STRONG,WEAK,NEUTRAL,STRONG,WEAK,WEAK,WEAK,VERY STRONG,STRONG,STRONG,82.3,83.2,82.75,92.9,93.3,93.1,PARTIALLY ORGANIZED,STRONG,WEAK,NEUTRAL,STRONG,824
609711,TRUE,46,42,13,1,44,2,0,0,0,0,0,0,0,0,ORGANIZED,TRUE,46.4,67.7,DEVELOPING,NEUTRAL,NEUTRAL,STRONG,NEUTRAL,STRONG,WEAK,NOT ENOUGH DATA,NOT ENOUGH DATA,NOT ENOUGH DATA,81,84.5,82.75,95.2,94,94.6,ORGANIZED,DEVELOPING,NEUTRAL,NEUTRAL,STRONG,783
609712,TRUE,104,99,45,2,100,2,0,0,1,0,0,1,0,0,ORGANIZED,FALSE,28.9,57.5,EMERGING,NEUTRAL,VERY STRONG,STRONG,NEUTRAL,NEUTRAL,NEUTRAL,NOT ENOUGH DATA,NOT ENOUGH DATA,NOT ENOUGH DATA,80.2,80,80.1,93.8,94.1,93.95,ORGANIZED,EMERGING,NEUTRAL,VERY STRONG,STRONG,781
609713,TRUE,711,702,145,6,704,4,0,0,0,0,0,3,0,0,MODERATELY ORGANIZED,TRUE,61.4,75.1,DEVELOPING,WEAK,NEUTRAL,STRONG,NEUTRAL,NEUTRAL,WEAK,NOT ENOUGH DATA,NOT ENOUGH DATA,NOT ENOUGH DATA,86.3,86.9,86.6,93.7,94,93.85,MODERATELY ORGANIZED,DEVELOPING,WEAK,NEUTRAL,STRONG,832
609715,TRUE,1740,1622,316,521,66,1380,34,244,5,0,0,8,3,0,WELL ORGANIZED,FALSE,66.7,67,EXCELLING,STRONG,NEUTRAL,STRONG,NEUTRAL,STRONG,VERY WEAK,NOT ENOUGH DATA,NOT ENOUGH DATA,NOT ENOUGH DATA,89.1,90.6,89.85,93.8,93.4,93.6,WELL ORGANIZED,EXCELLING,STRONG,NEUTRAL,STRONG,923
609718,TRUE,1546,1070,293,156,34,1184,291,12,13,0,0,8,1,3,MODERATELY ORGANIZED,FALSE,71.1,79.3,EXCELLING,NEUTRAL,NEUTRAL,STRONG,WEAK,NEUTRAL,WEAK,NOT ENOUGH DATA,NOT ENOUGH DATA,NOT ENOUGH DATA,87.9,89.1,88.5,94.7,94.6,94.65,MODERATELY ORGANIZED,EXCELLING,NEUTRAL,NEUTRAL,STRONG,972
609719,TRUE,1286,983,229,119,131,911,153,41,10,0,0,35,5,0,PARTIALLY ORGANIZED,FALSE,76.2,86.9,EXCELLING,NEUTRAL,NEUTRAL,NEUTRAL,WEAK,NEUTRAL,WEAK,NEUTRAL,NEUTRAL,WEAK,89.4,88.3,88.85,95.7,95.1,95.4,PARTIALLY ORGANIZED,EXCELLING,NEUTRAL,NEUTRAL,NEUTRAL,945
609722,TRUE,87,81,39,0,83,3,1,0,0,0,0,0,0,0,WELL ORGANIZED,TRUE,55.2,43.9,DEVELOPING,STRONG,NEUTRAL,STRONG,STRONG,STRONG,WEAK,STRONG,NEUTRAL,STRONG,73.9,74.1,74,92.5,93.3,92.9,WELL ORGANIZED,DEVELOPING,STRONG,NEUTRAL,STRONG,759
609723,TRUE,258,254,70,1,253,5,0,0,0,0,0,0,0,0,WELL ORGANIZED,TRUE,34.6,66.4,EMERGING,VERY STRONG,VERY STRONG,VERY STRONG,NEUTRAL,STRONG,NEUTRAL,NOT ENOUGH DATA,NOT ENOUGH DATA,NOT ENOUGH DATA,79,73.7,76.35,93.8,93.9,93.85,WELL ORGANIZED,EMERGING,VERY STRONG,VERY STRONG,VERY STRONG,804
609724,TRUE,1517,1299,233,424,219,632,227,400,9,0,0,19,11,0,MODERATELY ORGANIZED,FALSE,74.3,79.1,EXCELLING,NEUTRAL,NEUTRAL,STRONG,WEAK,NEUTRAL,WEAK,NOT ENOUGH DATA,NOT ENOUGH DATA,NOT ENOUGH DATA,90.3,88,89.15,95.1,95,95.05,MODERATELY ORGANIZED,EXCELLING,NEUTRAL,NEUTRAL,STRONG,959
609727,TRUE,599,565,121,3,582,9,1,0,0,0,0,0,0,7,ORGANIZED,TRUE,66.7,63.9,STRONG,NEUTRAL,NEUTRAL,VERY STRONG,NEUTRAL,STRONG,WEAK,NOT ENOUGH DATA,NOT ENOUGH DATA,NOT ENOUGH DATA,80.4,83.2,81.8,93.6,93.8,93.7,ORGANIZED,STRONG,NEUTRAL,NEUTRAL,VERY STRONG,857
609728,TRUE,988,925,205,354,114,717,59,76,12,0,0,3,5,2,WELL ORGANIZED,FALSE,67.3,68.8,EXCELLING,STRONG,NEUTRAL,STRONG,NEUTRAL,STRONG,WEAK,WEAK,WEAK,NEUTRAL,86.9,88.8,87.85,94.7,95,94.85,WELL ORGANIZED,EXCELLING,STRONG,NEUTRAL,STRONG,882
609729,FALSE,1517,1361,323,339,128,1248,83,29,5,0,0,16,7,1,ORGANIZED,FALSE,63.8,70.6,EXCELLING,NEUTRAL,NEUTRAL,STRONG,NEUTRAL,NEUTRAL,WEAK,NOT ENOUGH DATA,NOT ENOUGH DATA,NOT ENOUGH DATA,82.3,85.3,83.8,95.1,94.9,95,ORGANIZED,EXCELLING,NEUTRAL,NEUTRAL,STRONG,892
609730,TRUE,1545,1185,185,289,371,649,201,265,10,0,3,28,6,12,MODERATELY ORGANIZED,FALSE,80.1,82.1,EXCELLING,NEUTRAL,NEUTRAL,STRONG,WEAK,NEUTRAL,WEAK,NEUTRAL,NEUTRAL,NEUTRAL,88.2,90.4,89.3,95.7,96.1,95.9,MODERATELY ORGANIZED,EXCELLING,NEUTRAL,NEUTRAL,STRONG,964
609732,TRUE,1224,1070,231,279,204,877,85,32,9,0,0,13,3,1,WELL ORGANIZED,TRUE,63.2,74.4,STRONG,VERY STRONG,NEUTRAL,STRONG,STRONG,VERY STRONG,WEAK,NOT ENOUGH DATA,NOT ENOUGH DATA,NOT ENOUGH DATA,86.6,86.7,86.65,94.7,93.8,94.25,WELL ORGANIZED,STRONG,VERY STRONG,NEUTRAL,STRONG,881
609733,TRUE,648,590,159,285,233,228,50,92,2,0,0,7,2,34,WELL ORGANIZED,FALSE,61.9,72.4,EXCELLING,STRONG,STRONG,STRONG,NEUTRAL,STRONG,WEAK,NOT ENOUGH DATA,NOT ENOUGH DATA,NOT ENOUGH DATA,86.5,84.1,85.3,95.5,95.1,95.3,WELL ORGANIZED,EXCELLING,STRONG,STRONG,STRONG,862
609735,TRUE,198,188,63,34,84,85,22,7,0,0,0,0,0,0,WELL ORGANIZED,TRUE,56.7,62,DEVELOPING,NEUTRAL,NEUTRAL,STRONG,STRONG,STRONG,VERY WEAK,NOT ENOUGH DATA,NOT ENOUGH DATA,NOT ENOUGH DATA,80.7,81.6,81.15,94.1,94.1,94.1,WELL ORGANIZED,DEVELOPING,NEUTRAL,NEUTRAL,STRONG,828
609737,FALSE,1697,1147,112,68,169,929,296,257,7,0,0,33,6,0,WELL ORGANIZED,FALSE,82.9,91.5,EXCELLING,STRONG,STRONG,STRONG,NEUTRAL,STRONG,WEAK,STRONG,WEAK,NEUTRAL,92.8,93.3,93.05,94.9,94.8,94.85,WELL ORGANIZED,EXCELLING,STRONG,STRONG,STRONG,1026
609738,TRUE,2188,1028,211,58,461,712,665,253,4,0,0,89,4,0,ORGANIZED,FALSE,87.4,89.3,EXCELLING,NOT ENOUGH DATA,NEUTRAL,VERY STRONG,NOT ENOUGH DATA,NOT ENOUGH DATA,WEAK,NOT ENOUGH DATA,NOT ENOUGH DATA,NOT ENOUGH DATA,90.2,90.8,90.5,95.1,94.8,94.95,ORGANIZED,EXCELLING,NOT ENOUGH DATA,NEUTRAL,VERY STRONG,1087
609739,TRUE,1443,1236,240,231,70,1279,69,3,13,0,0,9,0,0,MODERATELY ORGANIZED,TRUE,62,80.9,DEVELOPING,NEUTRAL,NEUTRAL,STRONG,WEAK,NEUTRAL,WEAK,NOT ENOUGH DATA,NOT ENOUGH DATA,NOT ENOUGH DATA,87.9,89.2,88.55,95,94.6,94.8,MODERATELY ORGANIZED,DEVELOPING,NEUTRAL,NEUTRAL,STRONG,956
609740,TRUE,367,335,100,46,179,165,17,2,0,0,0,4,0,0,WELL ORGANIZED,FALSE,57.8,73.9,EXCELLING,STRONG,STRONG,STRONG,WEAK,STRONG,WEAK,NOT ENOUGH DATA,NOT ENOUGH DATA,NOT ENOUGH DATA,88.7,90,89.35,94.2,93.9,94.05,WELL ORGANIZED,EXCELLING,STRONG,STRONG,STRONG,860
609741,TRUE,1628,1549,228,318,100,1485,31,2,5,0,0,4,0,1,WELL ORGANIZED,FALSE,68.5,83.1,EXCELLING,STRONG,NEUTRAL,STRONG,STRONG,STRONG,WEAK,NOT ENOUGH DATA,NOT ENOUGH DATA,NOT ENOUGH DATA,89.8,90.1,89.95,95.3,94.9,95.1,WELL ORGANIZED,EXCELLING,STRONG,NEUTRAL,STRONG,905
609744,FALSE,233,192,233,81,43,129,44,11,2,0,0,4,0,0,WELL ORGANIZED,FALSE,0,0,STRONG,VERY STRONG,STRONG,VERY STRONG,STRONG,STRONG,VERY STRONG,VERY STRONG,VERY STRONG,VERY STRONG,91.9,90.8,91.35,94.1,94.1,94.1,WELL ORGANIZED,STRONG,VERY STRONG,STRONG,VERY STRONG,
609745,FALSE,313,282,313,50,207,87,18,1,0,0,0,0,0,0,WELL ORGANIZED,TRUE,0,,EXCELLING,VERY STRONG,NOT ENOUGH DATA,NOT ENOUGH DATA,STRONG,VERY STRONG,NOT ENOUGH DATA,VERY STRONG,VERY STRONG,VERY STRONG,90.2,90.3,90.25,94.9,94.8,94.85,WELL ORGANIZED,EXCELLING,VERY STRONG,NOT ENOUGH DATA,NOT ENOUGH DATA,
609748,FALSE,139,138,53,6,106,26,3,0,2,0,0,2,0,0,ORGANIZED,FALSE,4,1.6,DEVELOPING,NEUTRAL,NEUTRAL,STRONG,STRONG,NEUTRAL,WEAK,NOT ENOUGH DATA,NOT ENOUGH DATA,NOT ENOUGH DATA,96.9,70.1,83.5,93.7,93.8,93.75,ORGANIZED,DEVELOPING,NEUTRAL,NEUTRAL,STRONG,750
609749,FALSE,1077,460,52,7,72,319,340,214,4,0,7,42,5,74,WELL ORGANIZED,FALSE,93.7,98.8,EXCELLING,VERY STRONG,VERY STRONG,VERY STRONG,STRONG,STRONG,STRONG,NOT ENOUGH DATA,NOT ENOUGH DATA,NOT ENOUGH DATA,93.8,94.1,93.95,96.6,95.6,96.1,WELL ORGANIZED,EXCELLING,VERY STRONG,VERY STRONG,VERY STRONG,1349
609751,FALSE,483,402,61,7,461,13,1,2,1,0,0,5,0,0,MODERATELY ORGANIZED,FALSE,86.3,96.9,EXCELLING,NEUTRAL,NEUTRAL,VERY STRONG,WEAK,NEUTRAL,WEAK,NOT ENOUGH DATA,NOT ENOUGH DATA,NOT ENOUGH DATA,91.3,89.8,90.55,94.3,94.8,94.55,MODERATELY ORGANIZED,EXCELLING,NEUTRAL,NEUTRAL,VERY STRONG,1023
609753,FALSE,804,347,167,11,373,152,255,2,6,0,0,12,4,0,WELL ORGANIZED,FALSE,81.3,85.1,DEVELOPING,VERY STRONG,STRONG,STRONG,STRONG,STRONG,NEUTRAL,NOT ENOUGH DATA,NOT ENOUGH DATA,NOT ENOUGH DATA,93.8,94.2,94,94,94.2,94.1,WELL ORGANIZED,DEVELOPING,VERY STRONG,STRONG,STRONG,1031
609754,FALSE,302,262,25,21,190,103,4,1,0,0,0,3,0,1,WELL ORGANIZED,TRUE,70.3,89.8,DEVELOPING,STRONG,NEUTRAL,STRONG,STRONG,NEUTRAL,WEAK,STRONG,STRONG,STRONG,91.8,92.1,91.95,96.8,96.7,96.75,WELL ORGANIZED,DEVELOPING,STRONG,NEUTRAL,STRONG,907
609756,TRUE,2888,2595,331,423,360,2402,48,59,9,0,0,7,2,1,ORGANIZED,FALSE,70.3,78.9,EXCELLING,NEUTRAL,NEUTRAL,STRONG,NEUTRAL,NEUTRAL,WEAK,NOT ENOUGH DATA,NOT ENOUGH DATA,NOT ENOUGH DATA,87.9,88.3,88.1,94.3,94.2,94.25,ORGANIZED,EXCELLING,NEUTRAL,NEUTRAL,STRONG,929
609759,TRUE,671,620,174,92,191,453,14,6,4,0,0,2,1,0,PARTIALLY ORGANIZED,TRUE,50,83.3,EXCELLING,NEUTRAL,WEAK,NEUTRAL,NEUTRAL,NEUTRAL,VERY WEAK,NOT ENOUGH DATA,NOT ENOUGH DATA,NOT ENOUGH DATA,82.7,80.7,81.7,96.6,96.2,96.4,PARTIALLY ORGANIZED,EXCELLING,NEUTRAL,WEAK,NEUTRAL,850
609760,FALSE,479,431,31,23,169,303,6,0,0,0,0,1,0,0,WELL ORGANIZED,TRUE,64,96.2,EXCELLING,VERY STRONG,NEUTRAL,STRONG,NEUTRAL,STRONG,WEAK,NEUTRAL,NEUTRAL,STRONG,92.9,91.8,92.35,94,94.8,94.4,WELL ORGANIZED,EXCELLING,VERY STRONG,NEUTRAL,STRONG,944
609761,FALSE,272,254,86,2,263,6,1,0,0,0,0,2,0,0,ORGANIZED,TRUE,51.4,67.4,STRONG,NEUTRAL,NEUTRAL,STRONG,NEUTRAL,STRONG,WEAK,NOT ENOUGH DATA,NOT ENOUGH DATA,NOT ENOUGH DATA,79,83.8,81.4,93.3,93.6,93.45,ORGANIZED,STRONG,NEUTRAL,NEUTRAL,STRONG,813
609762,TRUE,379,350,100,1,372,6,0,0,0,0,0,1,0,0,WELL ORGANIZED,FALSE,55.9,78.2,STRONG,STRONG,STRONG,VERY STRONG,STRONG,VERY STRONG,WEAK,STRONG,STRONG,NEUTRAL,81.6,80.3,80.95,90.1,93.7,91.9,WELL ORGANIZED,STRONG,STRONG,STRONG,VERY STRONG,792
609764,TRUE,1717,1605,284,370,45,1625,17,11,6,0,0,6,0,7,WELL ORGANIZED,FALSE,62.8,82,STRONG,VERY STRONG,STRONG,STRONG,NEUTRAL,STRONG,WEAK,NEUTRAL,NEUTRAL,NEUTRAL,86,85.4,85.7,95.2,95.2,95.2,WELL ORGANIZED,STRONG,VERY STRONG,STRONG,STRONG,876
609766,FALSE,219,163,219,68,45,119,52,0,0,0,0,2,1,0,WELL ORGANIZED,FALSE,6.1,0,EXCELLING,VERY STRONG,NEUTRAL,STRONG,STRONG,VERY STRONG,NEUTRAL,STRONG,STRONG,STRONG,86.1,87,86.55,95,95.6,95.3,WELL ORGANIZED,EXCELLING,VERY STRONG,NEUTRAL,STRONG,
609768,TRUE,0,0,0,0,0,0,0,0,0,0,0,0,0,0,WELL ORGANIZED,TRUE,80,60.5,EMERGING,NEUTRAL,STRONG,STRONG,STRONG,NEUTRAL,WEAK,STRONG,STRONG,NEUTRAL,83.7,85.7,84.7,90.8,95.1,92.95,WELL ORGANIZED,EMERGING,NEUTRAL,STRONG,STRONG,767
609769,FALSE,151,142,151,51,74,62,6,7,0,0,0,2,0,0,WELL ORGANIZED,TRUE,10.7,,STRONG,VERY STRONG,STRONG,VERY STRONG,VERY STRONG,STRONG,STRONG,VERY STRONG,VERY STRONG,VERY STRONG,86.3,84.5,85.4,92.7,92.6,92.65,WELL ORGANIZED,STRONG,VERY STRONG,STRONG,VERY STRONG,
610244,FALSE,523,504,97,11,506,16,0,0,1,0,0,0,0,0,ORGANIZED,TRUE,51.5,83.7,STRONG,STRONG,WEAK,STRONG,NEUTRAL,NEUTRAL,WEAK,NOT ENOUGH DATA,NOT ENOUGH DATA,NOT ENOUGH DATA,93,91.5,92.25,93.3,94,93.65,ORGANIZED,STRONG,STRONG,WEAK,STRONG,825
610245,FALSE,61,58,20,1,56,4,1,0,0,0,0,0,0,0,WELL ORGANIZED,TRUE,28.1,64,DEVELOPING,NEUTRAL,STRONG,STRONG,STRONG,STRONG,WEAK,NOT ENOUGH DATA,NOT ENOUGH DATA,NOT ENOUGH DATA,79.4,79.9,79.65,94.3,94,94.15,WELL ORGANIZED,DEVELOPING,NEUTRAL,STRONG,STRONG,785
610304,FALSE,556,501,37,40,77,445,8,18,2,0,0,4,2,0,WELL ORGANIZED,TRUE,70.4,95.8,STRONG,VERY STRONG,STRONG,VERY STRONG,STRONG,VERY STRONG,WEAK,STRONG,STRONG,STRONG,95.6,94.8,95.2,95.7,95.4,95.55,WELL ORGANIZED,STRONG,VERY STRONG,STRONG,VERY STRONG,975
610323,FALSE,243,222,76,22,198,39,2,0,0,0,0,2,2,0,ORGANIZED,TRUE,45.5,57.1,DEVELOPING,STRONG,NEUTRAL,NEUTRAL,NEUTRAL,NEUTRAL,WEAK,NOT ENOUGH DATA,NOT ENOUGH DATA,NOT ENOUGH DATA,82.2,82.1,82.15,94.2,94,94.1,ORGANIZED,DEVELOPING,STRONG,NEUTRAL,NEUTRAL,822
610334,FALSE,261,248,84,11,237,21,1,1,0,0,0,0,1,0,WELL ORGANIZED,TRUE,45.5,73,DEVELOPING,NEUTRAL,NEUTRAL,STRONG,STRONG,STRONG,WEAK,NOT ENOUGH DATA,NOT ENOUGH DATA,NOT ENOUGH DATA,85.2,83,84.1,95.3,95,95.15,WELL ORGANIZED,DEVELOPING,NEUTRAL,NEUTRAL,STRONG,814
610340,FALSE,566,439,105,76,47,384,99,26,4,0,0,5,1,0,ORGANIZED,FALSE,78.1,85.1,DEVELOPING,NEUTRAL,NEUTRAL,STRONG,NEUTRAL,STRONG,WEAK,WEAK,NEUTRAL,NEUTRAL,92.4,93,92.7,94.7,96.6,95.65,ORGANIZED,DEVELOPING,NEUTRAL,NEUTRAL,STRONG,928
610357,FALSE,100,96,26,36,0,98,1,0,1,0,0,0,0,0,WELL ORGANIZED,TRUE,57.1,75,STRONG,STRONG,STRONG,NEUTRAL,STRONG,STRONG,WEAK,NEUTRAL,STRONG,NEUTRAL,87.4,88.2,87.8,96.7,96.3,96.5,WELL ORGANIZED,STRONG,STRONG,STRONG,NEUTRAL,857
610380,FALSE,123,119,16,0,121,1,0,0,0,0,0,1,0,0,WELL ORGANIZED,TRUE,79.3,92.5,DEVELOPING,VERY STRONG,STRONG,VERY STRONG,VERY STRONG,VERY STRONG,WEAK,NOT ENOUGH DATA,NOT ENOUGH DATA,NOT ENOUGH DATA,87,86.5,86.75,95.1,95,95.05,WELL ORGANIZED,DEVELOPING,VERY STRONG,STRONG,VERY STRONG,846
610381,FALSE,115,111,29,2,111,3,0,1,0,0,0,0,0,0,PARTIALLY ORGANIZED,TRUE,69.4,86.1,STRONG,WEAK,NEUTRAL,STRONG,WEAK,WEAK,VERY WEAK,NOT ENOUGH DATA,NOT ENOUGH DATA,NOT ENOUGH DATA,89.1,82.8,85.95,94.4,94.7,94.55,PARTIALLY ORGANIZED,STRONG,WEAK,NEUTRAL,STRONG,818
610383,TRUE,319,307,47,90,41,275,2,0,1,0,0,0,0,0,WELL ORGANIZED,TRUE,56.9,86.5,DEVELOPING,STRONG,NEUTRAL,VERY STRONG,STRONG,VERY STRONG,VERY WEAK,NEUTRAL,STRONG,STRONG,89.4,90.1,89.75,93.6,94.3,93.95,WELL ORGANIZED,DEVELOPING,STRONG,NEUTRAL,VERY STRONG,871
610384,TRUE,380,364,51,64,5,374,0,1,0,0,0,0,0,0,WELL ORGANIZED,TRUE,73.4,93.5,EXCELLING,STRONG,NEUTRAL,STRONG,NEUTRAL,STRONG,WEAK,NOT ENOUGH DATA,NOT ENOUGH DATA,NOT ENOUGH DATA,92.8,93.1,92.95,95.5,94.7,95.1,WELL ORGANIZED,EXCELLING,STRONG,NEUTRAL,STRONG,956
610385,TRUE,220,209,69,63,40,177,3,0,0,0,0,0,0,0,ORGANIZED,TRUE,61.4,79.2,EXCELLING,STRONG,NEUTRAL,STRONG,NEUTRAL,NEUTRAL,WEAK,NEUTRAL,STRONG,STRONG,84.4,89.3,86.85,94.9,93.8,94.35,ORGANIZED,EXCELLING,STRONG,NEUTRAL,STRONG,861
610386,FALSE,92,86,25,24,17,74,1,0,0,0,0,0,0,0,WELL ORGANIZED,TRUE,18.4,,EXCELLING,WEAK,STRONG,STRONG,STRONG,VERY STRONG,WEAK,STRONG,VERY STRONG,VERY STRONG,85.5,86.1,85.8,96,96.5,96.25,WELL ORGANIZED,EXCELLING,WEAK,STRONG,STRONG,786
610389,TRUE,234,224,49,7,207,25,2,0,0,0,0,0,0,0,WELL ORGANIZED,TRUE,38.3,31.6,STRONG,STRONG,NEUTRAL,VERY STRONG,STRONG,STRONG,WEAK,STRONG,STRONG,NEUTRAL,62.1,73.1,67.6,93.5,94.3,93.9,WELL ORGANIZED,STRONG,STRONG,NEUTRAL,VERY STRONG,801
610390,FALSE,394,322,47,35,22,308,37,23,2,0,0,1,0,1,WELL ORGANIZED,TRUE,68.3,88.7,EXCELLING,STRONG,STRONG,STRONG,NEUTRAL,STRONG,WEAK,NOT ENOUGH DATA,NOT ENOUGH DATA,NOT ENOUGH DATA,90.3,91.2,90.75,94.2,94.7,94.45,WELL ORGANIZED,EXCELLING,STRONG,STRONG,STRONG,940
610392,TRUE,355,334,56,112,15,334,2,0,0,0,0,1,0,3,WELL ORGANIZED,TRUE,79.7,84.1,STRONG,STRONG,STRONG,VERY STRONG,NEUTRAL,STRONG,WEAK,NEUTRAL,STRONG,STRONG,90.8,91.7,91.25,94.1,95.3,94.7,WELL ORGANIZED,STRONG,STRONG,STRONG,VERY STRONG,945
610394,FALSE,122,112,65,20,78,24,7,10,2,0,0,1,0,0,NOT YET ORGANIZED,TRUE,76.9,81,EMERGING,WEAK,NEUTRAL,NEUTRAL,VERY WEAK,WEAK,WEAK,NOT ENOUGH DATA,NOT ENOUGH DATA,NOT ENOUGH DATA,86.6,84.7,85.65,94.9,94.4,94.65,NOT YET ORGANIZED,EMERGING,WEAK,NEUTRAL,NEUTRAL,843
610402,FALSE,142,94,10,5,47,75,13,6,0,0,0,1,0,0,WELL ORGANIZED,FALSE,81.1,,DEVELOPING,NOT ENOUGH DATA,VERY STRONG,VERY STRONG,VERY STRONG,VERY STRONG,NEUTRAL,NOT ENOUGH DATA,NOT ENOUGH DATA,NOT ENOUGH DATA,95.6,95.2,95.4,96.3,96.3,96.3,WELL ORGANIZED,DEVELOPING,NOT ENOUGH DATA,VERY STRONG,VERY STRONG,1040
610499,FALSE,222,217,60,1,214,8,0,0,0,0,0,0,0,0,WELL ORGANIZED,TRUE,70.4,59.5,STRONG,NEUTRAL,VERY STRONG,VERY STRONG,STRONG,STRONG,STRONG,STRONG,STRONG,VERY STRONG,83.6,85.6,84.6,95.1,95.7,95.4,WELL ORGANIZED,STRONG,NEUTRAL,VERY STRONG,VERY STRONG,809
610513,FALSE,194,161,21,15,89,88,12,1,1,0,0,3,0,0,ORGANIZED,TRUE,62.5,83.7,STRONG,NEUTRAL,NEUTRAL,STRONG,NEUTRAL,STRONG,VERY WEAK,NOT ENOUGH DATA,NOT ENOUGH DATA,NOT ENOUGH DATA,89.3,91.3,90.3,94.8,95.7,95.25,ORGANIZED,STRONG,NEUTRAL,NEUTRAL,STRONG,899
610518,FALSE,245,229,77,1,235,7,2,0,0,0,0,1,0,0,ORGANIZED,FALSE,43.3,64.7,STRONG,NEUTRAL,NEUTRAL,STRONG,NEUTRAL,STRONG,WEAK,NOT ENOUGH DATA,NOT ENOUGH DATA,NOT ENOUGH DATA,85.6,87.1,86.35,95.2,95.6,95.4,ORGANIZED,STRONG,NEUTRAL,NEUTRAL,STRONG,788
610524,FALSE,316,243,67,26,56,209,33,8,2,0,0,5,3,0,WELL ORGANIZED,FALSE,76.2,92.1,EMERGING,VERY STRONG,STRONG,VERY STRONG,VERY STRONG,VERY STRONG,NEUTRAL,NOT ENOUGH DATA,NOT ENOUGH DATA,NOT ENOUGH DATA,88.7,90.8,89.75,,,,WELL ORGANIZED,EMERGING,VERY STRONG,STRONG,VERY STRONG,913
610529,FALSE,630,420,73,15,276,242,74,17,2,0,0,18,1,0,ORGANIZED,FALSE,88.1,94.5,EXCELLING,STRONG,NEUTRAL,VERY STRONG,WEAK,NEUTRAL,WEAK,NOT ENOUGH DATA,NOT ENOUGH DATA,NOT ENOUGH DATA,93.8,94.3,94.05,,,,ORGANIZED,EXCELLING,STRONG,NEUTRAL,VERY STRONG,983
610543,TRUE,1212,1126,147,175,45,1150,9,0,6,0,0,2,0,0,WELL ORGANIZED,TRUE,73.5,90.2,EXCELLING,STRONG,STRONG,VERY STRONG,STRONG,VERY STRONG,WEAK,NOT ENOUGH DATA,NOT ENOUGH DATA,NOT ENOUGH DATA,94.1,94,94.05,96.3,95.9,96.1,WELL ORGANIZED,EXCELLING,STRONG,STRONG,VERY STRONG,1000
610547,FALSE,581,478,49,4,562,13,0,1,0,0,0,5,0,0,NOT ENOUGH DATA,TRUE,85.7,94.5,STRONG,NOT ENOUGH DATA,NOT ENOUGH DATA,NOT ENOUGH DATA,NOT ENOUGH DATA,NOT ENOUGH DATA,NOT ENOUGH DATA,NOT ENOUGH DATA,NOT ENOUGH DATA,NOT ENOUGH DATA,90.1,90.9,90.5,94.5,94.1,94.3,NOT ENOUGH DATA,STRONG,NOT ENOUGH DATA,NOT ENOUGH DATA,NOT ENOUGH DATA,929
610557,FALSE,279,242,42,30,91,161,23,0,2,0,0,1,1,0,ORGANIZED,FALSE,19.2,10,STRONG,NEUTRAL,STRONG,STRONG,WEAK,NEUTRAL,NEUTRAL,NOT ENOUGH DATA,NOT ENOUGH DATA,NOT ENOUGH DATA,47.4,69.1,58.25,,,,ORGANIZED,STRONG,NEUTRAL,STRONG,STRONG,819
610558,FALSE,923,808,146,104,384,523,5,1,3,0,0,6,1,0,NOT YET ORGANIZED,TRUE,66.5,91.8,STRONG,WEAK,NEUTRAL,NEUTRAL,WEAK,WEAK,VERY WEAK,NOT ENOUGH DATA,NOT ENOUGH DATA,NOT ENOUGH DATA,89.5,89.7,89.6,94.5,94.5,94.5,NOT YET ORGANIZED,STRONG,WEAK,NEUTRAL,NEUTRAL,899
610561,FALSE,415,355,34,6,327,74,4,3,1,0,0,3,0,3,ORGANIZED,TRUE,76,89.4,DEVELOPING,NEUTRAL,NEUTRAL,VERY STRONG,NEUTRAL,NEUTRAL,WEAK,NOT ENOUGH DATA,NOT ENOUGH DATA,NOT ENOUGH DATA,90.5,92,91.25,96.3,96.1,96.2,ORGANIZED,DEVELOPING,NEUTRAL,NEUTRAL,VERY STRONG,925
610563,FALSE,1067,996,76,135,32,985,11,32,7,0,0,0,0,0,WELL ORGANIZED,TRUE,84,97.3,EXCELLING,STRONG,STRONG,VERY STRONG,NEUTRAL,STRONG,WEAK,STRONG,STRONG,VERY STRONG,94.1,93.3,93.7,96.2,95.9,96.05,WELL ORGANIZED,EXCELLING,STRONG,STRONG,VERY STRONG,990
610568,FALSE,291,239,50,33,20,218,36,7,1,0,0,5,2,2,NOT YET ORGANIZED,FALSE,23.7,8.7,DEVELOPING,VERY WEAK,STRONG,WEAK,VERY WEAK,WEAK,NEUTRAL,NOT ENOUGH DATA,NOT ENOUGH DATA,NOT ENOUGH DATA,49.2,76.7,62.95,,,,NOT YET ORGANIZED,DEVELOPING,VERY WEAK,STRONG,WEAK,825
610569,FALSE,278,248,59,50,19,161,61,22,4,0,0,11,0,0,PARTIALLY ORGANIZED,TRUE,28.8,11.4,STRONG,NEUTRAL,NEUTRAL,WEAK,NEUTRAL,NEUTRAL,NEUTRAL,NEUTRAL,NEUTRAL,STRONG,45.9,51.7,48.8,,,,PARTIALLY ORGANIZED,STRONG,NEUTRAL,NEUTRAL,WEAK,818
610570,FALSE,509,485,92,40,266,229,11,0,1,0,0,1,0,1,WELL ORGANIZED,TRUE,22.1,5.5,STRONG,STRONG,NEUTRAL,STRONG,STRONG,STRONG,WEAK,NEUTRAL,NEUTRAL,NEUTRAL,55.4,59.5,57.45,,,,WELL ORGANIZED,STRONG,STRONG,NEUTRAL,STRONG,818
610571,FALSE,363,337,85,21,236,116,5,0,1,0,0,4,1,0,PARTIALLY ORGANIZED,TRUE,13.6,8.1,STRONG,WEAK,NEUTRAL,NEUTRAL,WEAK,NEUTRAL,WEAK,NEUTRAL,STRONG,NEUTRAL,49.1,50.8,49.95,,,,PARTIALLY ORGANIZED,STRONG,WEAK,NEUTRAL,NEUTRAL,824
610573,FALSE,11,9,6,2,8,3,0,0,0,0,0,0,0,0,NOT ENOUGH DATA,FALSE,,,STRONG,NOT ENOUGH DATA,NOT ENOUGH DATA,NOT ENOUGH DATA,NOT ENOUGH DATA,NOT ENOUGH DATA,NOT ENOUGH DATA,NOT ENOUGH DATA,NOT ENOUGH DATA,NOT ENOUGH DATA,66.8,59.3,63.05,,,,NOT ENOUGH DATA,STRONG,NOT ENOUGH DATA,NOT ENOUGH DATA,NOT ENOUGH DATA,
610587,FALSE,609,535,85,3,587,14,4,0,0,0,0,3,0,1,WELL ORGANIZED,FALSE,,,EXCELLING,VERY STRONG,STRONG,VERY STRONG,STRONG,VERY STRONG,WEAK,STRONG,NEUTRAL,VERY STRONG,92.5,92.1,92.3,94.6,96.4,95.5,WELL ORGANIZED,EXCELLING,VERY STRONG,STRONG,VERY STRONG,